city,date,temperature,feels_like,humidity,weather,wind_speed
Rabat,2025-01-27 15:00:00,20.37,20.24,68,scattered clouds,7.37
Rabat,2025-01-27 18:00:00,19.77,19.73,74,light rain,7.34
Rabat,2025-01-27 21:00:00,18.64,18.7,82,light rain,5.93
Rabat,2025-01-28 00:00:00,16.95,16.97,87,light rain,2.67
Rabat,2025-01-28 03:00:00,16.28,15.97,77,light rain,2.1
Rabat,2025-01-28 06:00:00,15.65,15.28,77,overcast clouds,2.64
Rabat,2025-01-28 09:00:00,16.17,15.7,71,clear sky,2.31
Rabat,2025-01-28 12:00:00,17.09,16.42,60,clear sky,3.63
Rabat,2025-01-28 15:00:00,17.13,16.44,59,clear sky,3.49
Rabat,2025-01-28 18:00:00,15.64,15.22,75,clear sky,3.22
Rabat,2025-01-28 21:00:00,14.17,13.81,83,few clouds,4.26
Rabat,2025-01-29 00:00:00,12.74,12.26,84,clear sky,3.15
Rabat,2025-01-29 03:00:00,12.12,11.55,83,clear sky,3.04
Rabat,2025-01-29 06:00:00,11.8,11.23,84,few clouds,2.74
Rabat,2025-01-29 09:00:00,12.74,12.13,79,overcast clouds,0.85
Rabat,2025-01-29 12:00:00,14.72,14.08,70,broken clouds,2.32
Rabat,2025-01-29 15:00:00,15.89,15.15,62,broken clouds,5.16
Rabat,2025-01-29 18:00:00,15.0,14.33,68,broken clouds,5.38
Rabat,2025-01-29 21:00:00,15.21,14.72,74,overcast clouds,6.46
Rabat,2025-01-30 00:00:00,15.38,14.78,69,moderate rain,9.0
Rabat,2025-01-30 03:00:00,15.1,14.13,56,light rain,7.98
Rabat,2025-01-30 06:00:00,14.46,13.63,64,light rain,8.17
Rabat,2025-01-30 09:00:00,13.89,13.21,72,moderate rain,9.41
Rabat,2025-01-30 12:00:00,14.84,14.05,64,light rain,10.12
Rabat,2025-01-30 15:00:00,15.11,14.19,58,light rain,7.91
Rabat,2025-01-30 18:00:00,14.61,13.67,59,light rain,9.2
Rabat,2025-01-30 21:00:00,14.44,13.48,59,light rain,6.57
Rabat,2025-01-31 00:00:00,14.02,13.2,66,light rain,5.41
Rabat,2025-01-31 03:00:00,13.71,12.89,67,light rain,5.4
Rabat,2025-01-31 06:00:00,13.18,12.28,66,light rain,4.15
Rabat,2025-01-31 09:00:00,13.65,12.87,69,light rain,3.84
Rabat,2025-01-31 12:00:00,14.9,14.01,60,light rain,4.98
Rabat,2025-01-31 15:00:00,14.97,14.04,58,few clouds,6.23
Rabat,2025-01-31 18:00:00,13.24,12.34,66,few clouds,5.02
Rabat,2025-01-31 21:00:00,12.65,11.77,69,clear sky,3.21
Rabat,2025-02-01 00:00:00,11.14,10.24,74,clear sky,2.78
Rabat,2025-02-01 03:00:00,10.63,9.65,73,clear sky,2.52
Rabat,2025-02-01 06:00:00,10.17,9.12,72,clear sky,2.03
Rabat,2025-02-01 09:00:00,11.6,10.49,64,clear sky,1.81
Rabat,2025-02-01 12:00:00,14.27,13.19,55,clear sky,2.13
Casablanca,2025-01-27 15:00:00,20.78,20.58,64,scattered clouds,5.71
Casablanca,2025-01-27 18:00:00,19.94,19.84,71,light rain,4.23
Casablanca,2025-01-27 21:00:00,18.53,18.58,82,light rain,2.96
Casablanca,2025-01-28 00:00:00,15.8,15.92,95,broken clouds,1.67
Casablanca,2025-01-28 03:00:00,15.59,15.45,86,overcast clouds,2.26
Casablanca,2025-01-28 06:00:00,15.45,15.11,79,overcast clouds,2.34
Casablanca,2025-01-28 09:00:00,15.75,15.31,74,overcast clouds,1.51
Casablanca,2025-01-28 12:00:00,17.92,17.15,53,scattered clouds,3.75
Casablanca,2025-01-28 15:00:00,17.74,16.9,51,clear sky,3.59
Casablanca,2025-01-28 18:00:00,14.84,14.21,70,clear sky,2.11
Casablanca,2025-01-28 21:00:00,13.73,13.33,83,clear sky,3.0
Casablanca,2025-01-29 00:00:00,12.43,12.05,89,clear sky,2.39
Casablanca,2025-01-29 03:00:00,11.38,10.98,92,clear sky,2.18
Casablanca,2025-01-29 06:00:00,10.91,10.43,91,clear sky,2.17
Casablanca,2025-01-29 09:00:00,12.78,12.23,81,broken clouds,1.14
Casablanca,2025-01-29 12:00:00,16.54,15.87,62,scattered clouds,3.34
Casablanca,2025-01-29 15:00:00,16.25,15.5,60,overcast clouds,4.12
Casablanca,2025-01-29 18:00:00,14.07,13.36,70,overcast clouds,3.08
Casablanca,2025-01-29 21:00:00,13.77,13.19,76,overcast clouds,3.79
Casablanca,2025-01-30 00:00:00,14.02,13.64,83,light rain,4.96
Casablanca,2025-01-30 03:00:00,12.67,11.82,70,light rain,4.36
Casablanca,2025-01-30 06:00:00,12.93,12.03,67,light rain,4.59
Casablanca,2025-01-30 09:00:00,13.39,12.74,75,light rain,7.05
Casablanca,2025-01-30 12:00:00,14.75,14.0,66,light rain,7.59
Casablanca,2025-01-30 15:00:00,15.56,14.48,50,light rain,6.0
Casablanca,2025-01-30 18:00:00,13.56,12.56,61,light rain,5.46
Casablanca,2025-01-30 21:00:00,13.89,12.85,58,light rain,5.3
Casablanca,2025-01-31 00:00:00,13.31,12.32,62,light rain,4.04
Casablanca,2025-01-31 03:00:00,12.79,11.87,67,light rain,3.07
Casablanca,2025-01-31 06:00:00,12.0,11.01,67,light rain,2.57
Casablanca,2025-01-31 09:00:00,13.11,12.17,65,overcast clouds,2.01
Casablanca,2025-01-31 12:00:00,14.02,13.04,60,light rain,2.44
Casablanca,2025-01-31 15:00:00,15.14,14.15,55,light rain,4.63
Casablanca,2025-01-31 18:00:00,13.0,12.0,63,scattered clouds,4.39
Casablanca,2025-01-31 21:00:00,11.46,10.54,72,clear sky,2.93
Casablanca,2025-02-01 00:00:00,9.92,8.83,77,clear sky,2.36
Casablanca,2025-02-01 03:00:00,8.97,8.09,80,clear sky,1.89
Casablanca,2025-02-01 06:00:00,8.2,7.21,78,clear sky,1.87
Casablanca,2025-02-01 09:00:00,10.59,9.4,65,clear sky,1.62
Casablanca,2025-02-01 12:00:00,15.35,14.17,47,clear sky,2.32
Marrakech,2025-01-27 15:00:00,23.98,23.09,25,scattered clouds,5.44
Marrakech,2025-01-27 18:00:00,22.56,21.68,31,scattered clouds,4.85
Marrakech,2025-01-27 21:00:00,18.15,17.67,63,broken clouds,1.3
Marrakech,2025-01-28 00:00:00,13.62,13.49,94,scattered clouds,1.14
Marrakech,2025-01-28 03:00:00,13.01,12.82,94,broken clouds,0.96
Marrakech,2025-01-28 06:00:00,11.96,11.64,93,broken clouds,1.23
Marrakech,2025-01-28 09:00:00,14.64,14.3,82,scattered clouds,1.77
Marrakech,2025-01-28 12:00:00,19.39,18.87,57,broken clouds,3.58
Marrakech,2025-01-28 15:00:00,21.44,20.76,43,clear sky,6.17
Marrakech,2025-01-28 18:00:00,18.46,17.59,47,few clouds,5.99
Marrakech,2025-01-28 21:00:00,14.8,13.59,48,clear sky,4.93
Marrakech,2025-01-29 00:00:00,11.97,10.71,57,clear sky,3.03
Marrakech,2025-01-29 03:00:00,10.34,9.07,63,clear sky,2.09
Marrakech,2025-01-29 06:00:00,9.37,9.37,72,clear sky,1.27
Marrakech,2025-01-29 09:00:00,13.01,11.72,52,clear sky,2.07
Marrakech,2025-01-29 12:00:00,19.48,18.29,31,clear sky,4.27
Marrakech,2025-01-29 15:00:00,21.41,20.15,21,clear sky,3.8
Marrakech,2025-01-29 18:00:00,17.63,16.28,32,scattered clouds,4.77
Marrakech,2025-01-29 21:00:00,12.53,11.51,64,broken clouds,1.63
Marrakech,2025-01-30 00:00:00,10.6,9.78,79,scattered clouds,2.87
Marrakech,2025-01-30 03:00:00,10.0,9.25,79,clear sky,1.93
Marrakech,2025-01-30 06:00:00,10.88,9.93,73,scattered clouds,2.39
Marrakech,2025-01-30 09:00:00,11.47,10.5,70,broken clouds,3.75
Marrakech,2025-01-30 12:00:00,14.24,12.87,44,light rain,2.73
Marrakech,2025-01-30 15:00:00,15.67,14.23,36,scattered clouds,4.02
Marrakech,2025-01-30 18:00:00,13.65,12.3,47,broken clouds,4.36
Marrakech,2025-01-30 21:00:00,11.59,10.06,48,broken clouds,4.46
Marrakech,2025-01-31 00:00:00,9.81,8.0,53,broken clouds,3.53
Marrakech,2025-01-31 03:00:00,8.36,6.66,55,clear sky,2.82
Marrakech,2025-01-31 06:00:00,7.16,5.4,57,clear sky,2.58
Marrakech,2025-01-31 09:00:00,9.76,9.09,46,scattered clouds,1.79
Marrakech,2025-01-31 12:00:00,13.8,12.15,35,scattered clouds,3.1
Marrakech,2025-01-31 15:00:00,16.0,14.41,29,scattered clouds,4.91
Marrakech,2025-01-31 18:00:00,13.12,11.51,39,few clouds,6.92
Marrakech,2025-01-31 21:00:00,10.15,8.58,52,clear sky,4.99
Marrakech,2025-02-01 00:00:00,8.19,5.38,69,clear sky,4.87
Marrakech,2025-02-01 03:00:00,6.66,4.9,75,clear sky,2.46
Marrakech,2025-02-01 06:00:00,5.8,3.99,81,clear sky,2.33
Marrakech,2025-02-01 09:00:00,8.63,7.37,61,clear sky,2.27
Marrakech,2025-02-01 12:00:00,14.93,13.26,30,clear sky,3.57
Fès,2025-01-27 15:00:00,22.08,21.07,28,broken clouds,7.46
Fès,2025-01-27 18:00:00,20.25,19.51,45,broken clouds,5.23
Fès,2025-01-27 21:00:00,17.41,17.01,69,light rain,4.6
Fès,2025-01-28 00:00:00,14.76,14.67,91,light rain,4.2
Fès,2025-01-28 03:00:00,13.67,13.52,93,light rain,2.16
Fès,2025-01-28 06:00:00,12.97,12.72,92,light rain,2.53
Fès,2025-01-28 09:00:00,13.02,12.68,88,light rain,2.6
Fès,2025-01-28 12:00:00,15.72,15.1,67,light rain,5.77
Fès,2025-01-28 15:00:00,16.95,15.82,43,few clouds,6.12
Fès,2025-01-28 18:00:00,12.83,11.87,65,few clouds,2.91
Fès,2025-01-28 21:00:00,10.48,9.86,87,clear sky,2.0
Fès,2025-01-29 00:00:00,9.47,9.47,87,few clouds,0.99
Fès,2025-01-29 03:00:00,8.5,8.5,89,clear sky,0.47
Fès,2025-01-29 06:00:00,7.99,7.99,83,clear sky,1.17
Fès,2025-01-29 09:00:00,10.56,9.5,70,overcast clouds,1.09
Fès,2025-01-29 12:00:00,14.86,13.81,54,overcast clouds,3.17
Fès,2025-01-29 15:00:00,16.54,15.48,47,overcast clouds,5.67
Fès,2025-01-29 18:00:00,12.5,11.42,62,overcast clouds,3.35
Fès,2025-01-29 21:00:00,9.82,7.86,79,overcast clouds,3.84
Fès,2025-01-30 00:00:00,11.41,10.28,64,light rain,8.49
Fès,2025-01-30 03:00:00,9.13,6.23,88,moderate rain,5.72
Fès,2025-01-30 06:00:00,8.36,5.07,86,light rain,6.25
Fès,2025-01-30 09:00:00,9.08,6.14,83,light rain,5.8
Fès,2025-01-30 12:00:00,10.65,9.6,70,light rain,8.45
Fès,2025-01-30 15:00:00,10.55,9.25,61,light rain,9.04
Fès,2025-01-30 18:00:00,8.58,5.14,75,light rain,6.92
Fès,2025-01-30 21:00:00,8.38,5.35,80,light rain,5.55
Fès,2025-01-31 00:00:00,8.33,5.23,84,light rain,5.69
Fès,2025-01-31 03:00:00,8.02,5.07,88,light rain,5.11
Fès,2025-01-31 06:00:00,6.98,4.31,93,light rain,3.97
Fès,2025-01-31 09:00:00,8.34,6.08,88,light rain,3.77
Fès,2025-01-31 12:00:00,10.62,9.64,73,light rain,3.64
Fès,2025-01-31 15:00:00,11.17,10.09,67,light rain,2.16
Fès,2025-01-31 18:00:00,8.46,7.7,81,light rain,1.68
Fès,2025-01-31 21:00:00,7.45,6.9,80,clear sky,1.37
Fès,2025-02-01 00:00:00,6.6,6.6,80,clear sky,1.33
Fès,2025-02-01 03:00:00,5.92,5.92,79,clear sky,1.14
Fès,2025-02-01 06:00:00,5.46,4.38,78,clear sky,1.57
Fès,2025-02-01 09:00:00,8.5,8.5,67,clear sky,0.29
Fès,2025-02-01 12:00:00,12.61,11.28,52,clear sky,1.34
Agadir,2025-01-27 15:00:00,25.06,24.74,43,clear sky,5.95
Agadir,2025-01-27 18:00:00,23.25,22.81,45,clear sky,5.85
Agadir,2025-01-27 21:00:00,20.09,19.54,53,broken clouds,2.83
Agadir,2025-01-28 00:00:00,15.99,15.37,66,overcast clouds,3.21
Agadir,2025-01-28 03:00:00,14.87,14.19,68,overcast clouds,3.23
Agadir,2025-01-28 06:00:00,13.99,13.43,76,broken clouds,0.64
Agadir,2025-01-28 09:00:00,16.39,15.76,64,few clouds,1.41
Agadir,2025-01-28 12:00:00,19.17,18.63,57,broken clouds,2.92
Agadir,2025-01-28 15:00:00,22.06,21.6,49,few clouds,3.01
Agadir,2025-01-28 18:00:00,18.46,18.08,66,few clouds,4.46
Agadir,2025-01-28 21:00:00,15.71,15.37,78,clear sky,1.97
Agadir,2025-01-29 00:00:00,15.12,14.67,76,few clouds,1.09
Agadir,2025-01-29 03:00:00,15.23,14.82,77,overcast clouds,2.31
Agadir,2025-01-29 06:00:00,14.15,13.68,79,broken clouds,0.91
Agadir,2025-01-29 09:00:00,17.23,16.84,70,clear sky,3.06
Agadir,2025-01-29 12:00:00,19.62,19.13,57,clear sky,3.63
Agadir,2025-01-29 15:00:00,20.32,19.71,50,clear sky,4.04
Agadir,2025-01-29 18:00:00,18.2,17.62,59,clear sky,3.25
Agadir,2025-01-29 21:00:00,14.99,14.24,65,clear sky,1.93
Agadir,2025-01-30 00:00:00,13.4,12.6,69,clear sky,1.48
Agadir,2025-01-30 03:00:00,13.22,12.16,60,few clouds,3.48
Agadir,2025-01-30 06:00:00,12.42,11.26,59,clear sky,2.45
Agadir,2025-01-30 09:00:00,14.23,13.14,55,clear sky,1.32
Agadir,2025-01-30 12:00:00,19.62,18.53,34,clear sky,6.04
Agadir,2025-01-30 15:00:00,21.04,19.85,25,clear sky,11.38
Agadir,2025-01-30 18:00:00,17.43,16.12,34,clear sky,8.07
Agadir,2025-01-30 21:00:00,13.4,11.92,43,clear sky,8.0
Agadir,2025-01-31 00:00:00,11.96,10.46,48,clear sky,3.18
Agadir,2025-01-31 03:00:00,10.76,9.04,44,clear sky,1.1
Agadir,2025-01-31 06:00:00,9.69,9.69,42,clear sky,0.48
Agadir,2025-01-31 09:00:00,12.75,10.92,32,overcast clouds,0.32
Agadir,2025-01-31 12:00:00,15.87,14.45,36,broken clouds,2.62
Agadir,2025-01-31 15:00:00,17.96,16.67,33,broken clouds,2.01
Agadir,2025-01-31 18:00:00,16.72,15.39,36,broken clouds,1.34
Agadir,2025-01-31 21:00:00,13.4,12.0,46,clear sky,4.13
Agadir,2025-02-01 00:00:00,11.98,10.41,45,clear sky,4.4
Agadir,2025-02-01 03:00:00,13.16,11.42,34,clear sky,4.42
Agadir,2025-02-01 06:00:00,13.28,11.37,27,clear sky,2.9
Agadir,2025-02-01 09:00:00,14.93,13.21,28,clear sky,2.09
Agadir,2025-02-01 12:00:00,17.52,16.01,26,clear sky,3.78
Tangier,2025-01-27 15:00:00,15.74,15.98,100,light rain,10.68
Tangier,2025-01-27 18:00:00,16.2,16.38,96,light rain,8.3
Tangier,2025-01-27 21:00:00,15.67,15.62,89,light rain,5.91
Tangier,2025-01-28 00:00:00,14.59,14.17,79,few clouds,4.85
Tangier,2025-01-28 03:00:00,13.82,13.14,72,few clouds,4.07
Tangier,2025-01-28 06:00:00,13.3,12.59,73,clear sky,4.65
Tangier,2025-01-28 09:00:00,15.35,14.74,69,clear sky,8.31
Tangier,2025-01-28 12:00:00,14.55,14.07,77,light rain,8.97
Tangier,2025-01-28 15:00:00,14.42,13.59,64,light rain,6.16
Tangier,2025-01-28 18:00:00,13.06,12.14,66,scattered clouds,2.26
Tangier,2025-01-28 21:00:00,12.25,11.28,67,clear sky,0.98
Tangier,2025-01-29 00:00:00,11.21,10.34,75,clear sky,2.15
Tangier,2025-01-29 03:00:00,11.03,10.2,77,broken clouds,2.39
Tangier,2025-01-29 06:00:00,10.75,9.92,78,broken clouds,3.04
Tangier,2025-01-29 09:00:00,12.23,11.41,73,broken clouds,4.18
Tangier,2025-01-29 12:00:00,15.1,14.28,62,broken clouds,6.69
Tangier,2025-01-29 15:00:00,15.47,14.69,62,overcast clouds,8.21
Tangier,2025-01-29 18:00:00,14.83,14.38,77,light rain,8.87
Tangier,2025-01-29 21:00:00,13.83,13.1,70,light rain,9.34
Tangier,2025-01-30 00:00:00,13.05,12.06,63,light rain,8.42
Tangier,2025-01-30 03:00:00,12.57,11.68,69,light rain,10.91
Tangier,2025-01-30 06:00:00,12.54,11.6,67,light rain,9.76
Tangier,2025-01-30 09:00:00,12.12,11.03,63,light rain,8.77
Tangier,2025-01-30 12:00:00,13.08,11.98,59,light rain,9.74
Tangier,2025-01-30 15:00:00,12.6,11.61,65,light rain,8.79
Tangier,2025-01-30 18:00:00,13.56,12.49,58,light rain,7.53
Tangier,2025-01-30 21:00:00,12.67,11.61,62,broken clouds,5.83
Tangier,2025-01-31 00:00:00,11.59,10.48,64,scattered clouds,5.5
Tangier,2025-01-31 03:00:00,10.58,9.5,69,clear sky,3.56
Tangier,2025-01-31 06:00:00,9.47,8.55,76,clear sky,2.03
Tangier,2025-01-31 09:00:00,10.49,9.45,71,clear sky,1.84
Tangier,2025-01-31 12:00:00,12.94,11.78,57,clear sky,3.02
Tangier,2025-01-31 15:00:00,14.52,13.23,46,clear sky,6.11
Tangier,2025-01-31 18:00:00,12.44,11.28,59,clear sky,4.54
Tangier,2025-01-31 21:00:00,11.2,10.13,67,clear sky,3.25
Tangier,2025-02-01 00:00:00,10.55,9.44,68,clear sky,1.87
Tangier,2025-02-01 03:00:00,9.85,9.44,65,clear sky,1.54
Tangier,2025-02-01 06:00:00,9.24,8.25,62,clear sky,2.07
Tangier,2025-02-01 09:00:00,10.59,9.3,61,clear sky,3.11
Tangier,2025-02-01 12:00:00,13.98,13.0,60,clear sky,4.85
Meknès,2025-01-27 15:00:00,23.18,22.42,33,clear sky,8.04
Meknès,2025-01-27 18:00:00,20.35,19.8,52,scattered clouds,4.14
Meknès,2025-01-27 21:00:00,17.24,16.95,74,light rain,3.3
Meknès,2025-01-28 00:00:00,13.54,13.46,96,light rain,4.3
Meknès,2025-01-28 03:00:00,12.49,12.35,98,light rain,3.09
Meknès,2025-01-28 06:00:00,11.76,11.5,96,light rain,2.81
Meknès,2025-01-28 09:00:00,11.91,11.56,92,overcast clouds,2.51
Meknès,2025-01-28 12:00:00,13.88,13.31,76,light rain,5.11
Meknès,2025-01-28 15:00:00,15.9,14.72,45,few clouds,5.17
Meknès,2025-01-28 18:00:00,10.6,9.65,74,few clouds,2.2
Meknès,2025-01-28 21:00:00,8.37,7.69,96,clear sky,1.59
Meknès,2025-01-29 00:00:00,8.78,8.78,91,scattered clouds,1.04
Meknès,2025-01-29 03:00:00,6.83,6.83,92,few clouds,1.0
Meknès,2025-01-29 06:00:00,6.98,5.68,82,clear sky,1.99
Meknès,2025-01-29 09:00:00,10.96,9.76,63,overcast clouds,0.35
Meknès,2025-01-29 12:00:00,14.19,13.15,57,overcast clouds,4.11
Meknès,2025-01-29 15:00:00,15.11,14.06,53,overcast clouds,6.25
Meknès,2025-01-29 18:00:00,10.58,9.57,72,overcast clouds,3.43
Meknès,2025-01-29 21:00:00,7.32,5.19,92,overcast clouds,3.16
Meknès,2025-01-30 00:00:00,8.8,6.22,84,light rain,4.68
Meknès,2025-01-30 03:00:00,8.64,5.03,88,moderate rain,7.55
Meknès,2025-01-30 06:00:00,7.19,4.0,91,light rain,5.18
Meknès,2025-01-30 09:00:00,7.93,4.52,90,light rain,6.26
Meknès,2025-01-30 12:00:00,9.12,5.49,78,light rain,8.14
Meknès,2025-01-30 15:00:00,9.38,5.98,72,light rain,7.57
Meknès,2025-01-30 18:00:00,8.04,4.54,77,light rain,6.63
Meknès,2025-01-30 21:00:00,7.36,4.53,85,light rain,4.47
Meknès,2025-01-31 00:00:00,7.16,3.78,90,light rain,5.62
Meknès,2025-01-31 03:00:00,6.99,4.2,93,light rain,4.2
Meknès,2025-01-31 06:00:00,6.6,4.28,97,light rain,3.23
Meknès,2025-01-31 09:00:00,7.74,5.2,90,light rain,4.05
Meknès,2025-01-31 12:00:00,9.87,7.3,76,light rain,5.35
Meknès,2025-01-31 15:00:00,10.59,9.51,69,light rain,2.8
Meknès,2025-01-31 18:00:00,7.42,7.42,80,light rain,0.31
Meknès,2025-01-31 21:00:00,5.21,5.21,86,few clouds,0.65
Meknès,2025-02-01 00:00:00,5.08,3.81,85,clear sky,1.68
Meknès,2025-02-01 03:00:00,4.62,2.77,81,clear sky,2.15
Meknès,2025-02-01 06:00:00,4.21,2.14,78,clear sky,2.31
Meknès,2025-02-01 09:00:00,8.1,7.58,66,clear sky,1.42
Meknès,2025-02-01 12:00:00,12.44,11.02,49,clear sky,1.49
Oujda,2025-01-27 15:00:00,23.33,22.14,16,overcast clouds,12.69
Oujda,2025-01-27 18:00:00,21.29,20.21,28,overcast clouds,9.75
Oujda,2025-01-27 21:00:00,18.38,17.63,52,scattered clouds,9.99
Oujda,2025-01-28 00:00:00,14.85,14.37,76,clear sky,8.03
Oujda,2025-01-28 03:00:00,13.12,12.81,89,light rain,3.81
Oujda,2025-01-28 06:00:00,12.48,11.95,83,light rain,2.9
Oujda,2025-01-28 09:00:00,12.09,11.47,81,overcast clouds,2.26
Oujda,2025-01-28 12:00:00,17.21,16.19,46,broken clouds,9.51
Oujda,2025-01-28 15:00:00,15.33,14.09,45,clear sky,12.47
Oujda,2025-01-28 18:00:00,10.35,9.22,68,few clouds,4.85
Oujda,2025-01-28 21:00:00,8.98,8.98,76,scattered clouds,0.48
Oujda,2025-01-29 00:00:00,10.31,9.3,73,broken clouds,1.33
Oujda,2025-01-29 03:00:00,8.54,6.81,82,broken clouds,2.92
Oujda,2025-01-29 06:00:00,8.69,7.39,80,broken clouds,2.34
Oujda,2025-01-29 09:00:00,11.44,10.39,67,broken clouds,4.78
Oujda,2025-01-29 12:00:00,17.04,15.58,30,broken clouds,6.4
Oujda,2025-01-29 15:00:00,17.02,15.48,27,overcast clouds,7.45
Oujda,2025-01-29 18:00:00,12.56,11.07,46,overcast clouds,2.8
Oujda,2025-01-29 21:00:00,10.1,9.02,71,overcast clouds,3.57
Oujda,2025-01-30 00:00:00,10.23,8.95,63,broken clouds,11.18
Oujda,2025-01-30 03:00:00,8.0,4.74,88,moderate rain,5.91
Oujda,2025-01-30 06:00:00,8.14,4.96,78,light rain,5.79
Oujda,2025-01-30 09:00:00,9.36,5.26,59,broken clouds,10.48
Oujda,2025-01-30 12:00:00,10.0,5.86,58,light rain,11.77
Oujda,2025-01-30 15:00:00,10.07,8.65,58,light rain,14.48
Oujda,2025-01-30 18:00:00,7.15,2.22,79,light rain,10.93
Oujda,2025-01-30 21:00:00,7.03,3.03,90,light rain,7.27
Oujda,2025-01-31 00:00:00,7.11,2.16,93,moderate rain,10.95
Oujda,2025-01-31 03:00:00,6.61,2.24,88,moderate rain,8.09
Oujda,2025-01-31 06:00:00,6.09,1.94,89,moderate rain,6.93
Oujda,2025-01-31 09:00:00,7.37,2.89,81,light rain,9.35
Oujda,2025-01-31 12:00:00,8.13,3.67,77,light rain,10.28
Oujda,2025-01-31 15:00:00,7.6,3.58,84,light rain,7.89
Oujda,2025-01-31 18:00:00,7.28,3.13,88,light rain,8.02
Oujda,2025-01-31 21:00:00,7.17,3.07,95,light rain,7.75
Oujda,2025-02-01 00:00:00,6.86,3.1,96,moderate rain,6.42
Oujda,2025-02-01 03:00:00,6.95,2.79,95,moderate rain,7.71
Oujda,2025-02-01 06:00:00,7.62,3.78,97,heavy intensity rain,7.33
Oujda,2025-02-01 09:00:00,8.13,4.54,93,moderate rain,7.0
Oujda,2025-02-01 12:00:00,9.06,6.22,87,light rain,5.52
Kenitra,2025-01-27 15:00:00,20.42,20.5,76,scattered clouds,8.77
Kenitra,2025-01-27 18:00:00,19.75,19.84,79,light rain,7.66
Kenitra,2025-01-27 21:00:00,17.98,18.08,86,light rain,5.36
Kenitra,2025-01-28 00:00:00,16.27,16.22,87,light rain,2.29
Kenitra,2025-01-28 03:00:00,15.77,15.47,79,overcast clouds,2.67
Kenitra,2025-01-28 06:00:00,13.77,13.32,81,broken clouds,2.11
Kenitra,2025-01-28 09:00:00,15.71,15.22,72,clear sky,2.56
Kenitra,2025-01-28 12:00:00,17.81,17.08,55,clear sky,4.78
Kenitra,2025-01-28 15:00:00,17.69,17.0,57,few clouds,4.93
Kenitra,2025-01-28 18:00:00,14.1,13.79,85,light rain,3.39
Kenitra,2025-01-28 21:00:00,12.62,12.1,83,scattered clouds,2.71
Kenitra,2025-01-29 00:00:00,10.87,10.23,85,scattered clouds,1.64
Kenitra,2025-01-29 03:00:00,10.07,9.38,86,few clouds,2.06
Kenitra,2025-01-29 06:00:00,9.99,9.26,86,scattered clouds,1.9
Kenitra,2025-01-29 09:00:00,11.91,11.19,78,overcast clouds,0.71
Kenitra,2025-01-29 12:00:00,15.59,14.8,61,overcast clouds,2.63
Kenitra,2025-01-29 15:00:00,16.38,15.56,57,overcast clouds,5.68
Kenitra,2025-01-29 18:00:00,14.4,13.7,69,overcast clouds,5.27
Kenitra,2025-01-29 21:00:00,15.33,14.82,73,overcast clouds,7.53
Kenitra,2025-01-30 00:00:00,14.43,13.73,69,moderate rain,8.48
Kenitra,2025-01-30 03:00:00,14.53,13.53,57,light rain,7.97
Kenitra,2025-01-30 06:00:00,12.79,12.0,72,light rain,7.59
Kenitra,2025-01-30 09:00:00,13.41,12.66,71,moderate rain,8.46
Kenitra,2025-01-30 12:00:00,14.86,14.02,62,light rain,8.86
Kenitra,2025-01-30 15:00:00,15.58,14.45,48,light rain,8.97
Kenitra,2025-01-30 18:00:00,14.27,13.21,56,light rain,8.44
Kenitra,2025-01-30 21:00:00,13.81,12.81,60,light rain,5.26
Kenitra,2025-01-31 00:00:00,13.58,12.72,66,light rain,5.16
Kenitra,2025-01-31 03:00:00,12.73,11.99,74,light rain,4.53
Kenitra,2025-01-31 06:00:00,11.49,10.6,73,light rain,3.71
Kenitra,2025-01-31 09:00:00,13.56,12.77,69,light rain,3.99
Kenitra,2025-01-31 12:00:00,15.5,14.59,57,light rain,5.71
Kenitra,2025-01-31 15:00:00,15.08,14.03,53,clear sky,6.38
Kenitra,2025-01-31 18:00:00,11.78,10.84,70,clear sky,2.39
Kenitra,2025-01-31 21:00:00,10.52,9.56,74,clear sky,1.97
Kenitra,2025-02-01 00:00:00,9.57,8.3,77,clear sky,2.52
Kenitra,2025-02-01 03:00:00,8.95,7.89,76,clear sky,2.1
Kenitra,2025-02-01 06:00:00,8.26,7.65,77,clear sky,1.51
Kenitra,2025-02-01 09:00:00,10.91,9.78,66,clear sky,1.6
Kenitra,2025-02-01 12:00:00,15.21,14.09,50,clear sky,2.73
Tétouan,2025-01-27 15:00:00,21.44,21.31,64,broken clouds,8.9
Tétouan,2025-01-27 18:00:00,19.83,19.7,70,light rain,10.0
Tétouan,2025-01-27 21:00:00,17.36,17.27,81,light rain,6.27
Tétouan,2025-01-28 00:00:00,12.49,12.17,91,broken clouds,4.33
Tétouan,2025-01-28 03:00:00,11.23,10.73,89,few clouds,3.5
Tétouan,2025-01-28 06:00:00,10.5,9.8,84,scattered clouds,4.11
Tétouan,2025-01-28 09:00:00,13.2,12.56,76,clear sky,7.13
Tétouan,2025-01-28 12:00:00,15.3,14.74,71,light rain,11.2
Tétouan,2025-01-28 15:00:00,13.98,13.29,71,light rain,5.68
Tétouan,2025-01-28 18:00:00,10.63,9.92,83,broken clouds,2.67
Tétouan,2025-01-28 21:00:00,9.03,7.53,87,clear sky,2.71
Tétouan,2025-01-29 00:00:00,8.16,6.29,87,clear sky,3.02
Tétouan,2025-01-29 03:00:00,7.54,5.51,85,clear sky,3.07
Tétouan,2025-01-29 06:00:00,7.76,5.76,81,broken clouds,3.1
Tétouan,2025-01-29 09:00:00,10.41,9.46,75,broken clouds,3.29
Tétouan,2025-01-29 12:00:00,15.3,14.32,55,overcast clouds,5.18
Tétouan,2025-01-29 15:00:00,15.41,14.47,56,overcast clouds,8.64
Tétouan,2025-01-29 18:00:00,12.74,11.95,72,overcast clouds,7.69
Tétouan,2025-01-29 21:00:00,11.99,11.57,89,moderate rain,7.09
Tétouan,2025-01-30 00:00:00,10.08,9.02,72,light rain,6.09
Tétouan,2025-01-30 03:00:00,9.89,6.31,79,light rain,8.9
Tétouan,2025-01-30 06:00:00,8.75,5.92,82,light rain,5.27
Tétouan,2025-01-30 09:00:00,10.29,9.33,75,light rain,7.32
Tétouan,2025-01-30 12:00:00,12.13,11.04,63,light rain,10.07
Tétouan,2025-01-30 15:00:00,10.47,9.53,75,light rain,7.35
Tétouan,2025-01-30 18:00:00,10.26,9.3,75,light rain,3.83
Tétouan,2025-01-30 21:00:00,9.01,7.03,77,light rain,3.51
Tétouan,2025-01-31 00:00:00,8.03,5.89,80,scattered clouds,3.42
Tétouan,2025-01-31 03:00:00,7.03,4.65,83,clear sky,3.47
Tétouan,2025-01-31 06:00:00,6.25,3.92,85,clear sky,3.13
Tétouan,2025-01-31 09:00:00,9.5,8.68,76,clear sky,1.92
Tétouan,2025-01-31 12:00:00,13.38,12.24,56,clear sky,3.25
Tétouan,2025-01-31 15:00:00,13.09,11.89,55,clear sky,3.8
Tétouan,2025-01-31 18:00:00,8.53,7.48,76,clear sky,2.0
Tétouan,2025-01-31 21:00:00,7.11,6.19,80,clear sky,1.64
Tétouan,2025-02-01 00:00:00,7.41,6.31,64,clear sky,1.86
Tétouan,2025-02-01 03:00:00,7.54,5.89,54,clear sky,2.53
Tétouan,2025-02-01 06:00:00,7.21,5.49,50,clear sky,2.54
Tétouan,2025-02-01 09:00:00,10.96,9.36,48,clear sky,1.94
Tétouan,2025-02-01 12:00:00,16.11,14.82,40,clear sky,2.93
Safi,2025-01-27 15:00:00,17.32,17.43,89,overcast clouds,4.65
Safi,2025-01-27 18:00:00,17.18,17.33,91,overcast clouds,2.62
Safi,2025-01-27 21:00:00,17.25,17.38,90,overcast clouds,1.53
Safi,2025-01-28 00:00:00,17.42,17.46,86,light rain,2.77
Safi,2025-01-28 03:00:00,15.75,15.81,93,overcast clouds,4.7
Safi,2025-01-28 06:00:00,15.16,15.16,93,overcast clouds,4.89
Safi,2025-01-28 09:00:00,15.32,15.13,85,overcast clouds,5.34
Safi,2025-01-28 12:00:00,17.68,17.28,68,broken clouds,8.02
Safi,2025-01-28 15:00:00,18.04,17.28,53,clear sky,9.3
Safi,2025-01-28 18:00:00,15.99,15.34,65,clear sky,9.49
Safi,2025-01-28 21:00:00,13.76,13.12,74,clear sky,8.63
Safi,2025-01-29 00:00:00,12.18,11.59,82,clear sky,7.9
Safi,2025-01-29 03:00:00,11.49,10.91,85,clear sky,6.45
Safi,2025-01-29 06:00:00,11.09,10.42,83,clear sky,6.05
Safi,2025-01-29 09:00:00,12.04,11.44,82,clear sky,5.94
Safi,2025-01-29 12:00:00,16.25,15.71,68,clear sky,6.04
Safi,2025-01-29 15:00:00,16.15,15.57,67,scattered clouds,7.58
Safi,2025-01-29 18:00:00,14.99,14.4,71,broken clouds,5.06
Safi,2025-01-29 21:00:00,13.93,13.34,75,broken clouds,2.51
Safi,2025-01-30 00:00:00,13.28,12.7,78,scattered clouds,1.94
Safi,2025-01-30 03:00:00,14.71,14.17,74,light rain,6.26
Safi,2025-01-30 06:00:00,13.14,12.36,71,scattered clouds,4.77
Safi,2025-01-30 09:00:00,13.75,12.88,65,clear sky,5.01
Safi,2025-01-30 12:00:00,15.86,14.91,54,scattered clouds,6.53
Safi,2025-01-30 15:00:00,16.1,15.31,59,clear sky,8.89
Safi,2025-01-30 18:00:00,14.61,13.64,58,few clouds,7.6
Safi,2025-01-30 21:00:00,13.65,12.74,64,overcast clouds,6.14
Safi,2025-01-31 00:00:00,12.9,11.86,62,overcast clouds,4.84
Safi,2025-01-31 03:00:00,12.29,11.35,68,overcast clouds,4.79
Safi,2025-01-31 06:00:00,12.57,11.66,68,overcast clouds,4.21
Safi,2025-01-31 09:00:00,13.2,12.38,69,overcast clouds,4.55
Safi,2025-01-31 12:00:00,15.6,14.63,54,broken clouds,6.12
Safi,2025-01-31 15:00:00,15.75,14.82,55,broken clouds,9.06
Safi,2025-01-31 18:00:00,14.59,13.62,58,scattered clouds,9.98
Safi,2025-01-31 21:00:00,12.3,11.41,70,clear sky,9.95
Safi,2025-02-01 00:00:00,10.69,9.8,76,clear sky,8.24
Safi,2025-02-01 03:00:00,9.95,6.83,79,clear sky,7.17
Safi,2025-02-01 06:00:00,9.36,6.18,80,clear sky,6.8
Safi,2025-02-01 09:00:00,10.71,9.56,66,clear sky,6.08
Safi,2025-02-01 12:00:00,16.02,14.77,42,clear sky,5.59
El Jadida,2025-01-27 15:00:00,19.07,19.23,84,broken clouds,6.61
El Jadida,2025-01-27 18:00:00,18.76,18.94,86,light rain,4.52
El Jadida,2025-01-27 21:00:00,18.46,18.61,86,light rain,3.83
El Jadida,2025-01-28 00:00:00,16.62,16.74,92,broken clouds,3.5
El Jadida,2025-01-28 03:00:00,16.25,16.12,84,overcast clouds,4.19
El Jadida,2025-01-28 06:00:00,16.51,16.17,75,overcast clouds,4.36
El Jadida,2025-01-28 09:00:00,16.46,15.99,70,broken clouds,3.64
El Jadida,2025-01-28 12:00:00,17.3,16.65,60,scattered clouds,5.72
El Jadida,2025-01-28 15:00:00,17.23,16.55,59,clear sky,5.89
El Jadida,2025-01-28 18:00:00,15.51,15.0,72,clear sky,5.23
El Jadida,2025-01-28 21:00:00,14.82,14.5,82,clear sky,5.23
El Jadida,2025-01-29 00:00:00,13.88,13.57,86,clear sky,4.98
El Jadida,2025-01-29 03:00:00,12.98,12.63,88,clear sky,3.87
El Jadida,2025-01-29 06:00:00,12.95,12.57,87,clear sky,4.49
El Jadida,2025-01-29 09:00:00,14.2,13.76,80,broken clouds,2.92
El Jadida,2025-01-29 12:00:00,16.38,15.77,65,scattered clouds,4.23
El Jadida,2025-01-29 15:00:00,16.08,15.44,65,overcast clouds,4.58
El Jadida,2025-01-29 18:00:00,14.85,14.24,71,overcast clouds,2.96
El Jadida,2025-01-29 21:00:00,15.27,14.81,75,broken clouds,3.51
El Jadida,2025-01-30 00:00:00,15.97,15.55,74,light rain,8.55
El Jadida,2025-01-30 03:00:00,14.63,13.79,63,broken clouds,6.15
El Jadida,2025-01-30 06:00:00,14.37,13.43,60,scattered clouds,7.05
El Jadida,2025-01-30 09:00:00,15.36,14.52,60,overcast clouds,6.47
El Jadida,2025-01-30 12:00:00,15.98,15.2,60,light rain,8.5
El Jadida,2025-01-30 15:00:00,16.04,15.06,52,scattered clouds,7.87
El Jadida,2025-01-30 18:00:00,14.87,13.85,55,scattered clouds,8.43
El Jadida,2025-01-30 21:00:00,15.16,14.19,56,light rain,6.9
El Jadida,2025-01-31 00:00:00,14.62,13.7,60,light rain,6.29
El Jadida,2025-01-31 03:00:00,14.26,13.39,63,light rain,5.41
El Jadida,2025-01-31 06:00:00,14.03,13.13,63,light rain,5.25
El Jadida,2025-01-31 09:00:00,14.58,13.61,58,broken clouds,5.56
El Jadida,2025-01-31 12:00:00,15.57,14.57,53,broken clouds,5.59
El Jadida,2025-01-31 15:00:00,14.98,14.05,58,overcast clouds,6.86
El Jadida,2025-01-31 18:00:00,14.02,13.12,63,broken clouds,6.77
El Jadida,2025-01-31 21:00:00,13.32,12.4,65,clear sky,7.5
El Jadida,2025-02-01 00:00:00,12.45,11.58,70,clear sky,5.52
El Jadida,2025-02-01 03:00:00,10.33,9.46,78,clear sky,3.53
El Jadida,2025-02-01 06:00:00,10.4,9.56,79,clear sky,3.99
El Jadida,2025-02-01 09:00:00,11.6,10.59,68,clear sky,3.55
El Jadida,2025-02-01 12:00:00,15.22,14.18,53,clear sky,3.96
Nador,2025-01-27 15:00:00,26.12,26.12,27,clear sky,5.48
Nador,2025-01-27 18:00:00,23.58,22.99,38,few clouds,3.0
Nador,2025-01-27 21:00:00,19.75,19.35,60,clear sky,3.07
Nador,2025-01-28 00:00:00,15.83,15.56,80,scattered clouds,7.76
Nador,2025-01-28 03:00:00,15.25,14.76,74,overcast clouds,10.3
Nador,2025-01-28 06:00:00,14.29,13.68,73,broken clouds,9.75
Nador,2025-01-28 09:00:00,15.02,14.48,73,clear sky,5.82
Nador,2025-01-28 12:00:00,17.68,16.94,55,few clouds,6.44
Nador,2025-01-28 15:00:00,15.64,14.9,63,scattered clouds,14.09
Nador,2025-01-28 18:00:00,14.11,13.33,67,scattered clouds,8.31
Nador,2025-01-28 21:00:00,14.05,13.29,68,broken clouds,9.64
Nador,2025-01-29 00:00:00,13.14,12.18,64,broken clouds,7.26
Nador,2025-01-29 03:00:00,12.63,11.75,69,clear sky,6.9
Nador,2025-01-29 06:00:00,11.75,10.89,73,scattered clouds,3.78
Nador,2025-01-29 09:00:00,13.15,12.35,70,overcast clouds,1.99
Nador,2025-01-29 12:00:00,15.58,14.76,60,broken clouds,4.01
Nador,2025-01-29 15:00:00,15.37,14.58,62,overcast clouds,4.99
Nador,2025-01-29 18:00:00,13.26,12.47,70,overcast clouds,3.26
Nador,2025-01-29 21:00:00,12.34,11.48,71,broken clouds,2.84
Nador,2025-01-30 00:00:00,12.49,11.96,83,light rain,7.06
Nador,2025-01-30 03:00:00,12.8,11.94,69,moderate rain,12.71
Nador,2025-01-30 06:00:00,11.6,10.64,70,light rain,14.84
Nador,2025-01-30 09:00:00,12.2,11.38,73,light rain,16.49
Nador,2025-01-30 12:00:00,12.9,11.86,62,light rain,16.84
Nador,2025-01-30 15:00:00,13.04,12.04,63,scattered clouds,15.7
Nador,2025-01-30 18:00:00,11.67,10.67,68,light rain,14.06
Nador,2025-01-30 21:00:00,12.18,11.28,70,light rain,14.91
Nador,2025-01-31 00:00:00,12.25,11.33,69,light rain,12.55
Nador,2025-01-31 03:00:00,10.56,9.58,73,moderate rain,3.96
Nador,2025-01-31 06:00:00,9.18,9.18,77,light rain,0.23
Nador,2025-01-31 09:00:00,11.58,10.54,67,light rain,2.04
Nador,2025-01-31 12:00:00,13.71,12.47,51,light rain,2.57
Nador,2025-01-31 15:00:00,13.31,12.18,57,light rain,7.23
Nador,2025-01-31 18:00:00,11.27,10.38,74,light rain,4.06
Nador,2025-01-31 21:00:00,11.37,10.52,75,light rain,1.65
Nador,2025-02-01 00:00:00,10.63,9.58,70,broken clouds,3.29
Nador,2025-02-01 03:00:00,11.24,10.25,70,overcast clouds,2.64
Nador,2025-02-01 06:00:00,12.09,11.18,70,overcast clouds,5.51
Nador,2025-02-01 09:00:00,13.43,12.5,64,broken clouds,4.19
Nador,2025-02-01 12:00:00,15.27,14.21,52,scattered clouds,2.96
Laâyoune,2025-01-27 15:00:00,25.19,24.91,44,clear sky,6.06
Laâyoune,2025-01-27 18:00:00,24.59,24.18,41,clear sky,8.36
Laâyoune,2025-01-27 21:00:00,20.28,19.9,59,clear sky,8.49
Laâyoune,2025-01-28 00:00:00,16.47,16.39,85,clear sky,7.08
Laâyoune,2025-01-28 03:00:00,15.53,15.59,94,clear sky,5.4
Laâyoune,2025-01-28 06:00:00,15.29,15.41,97,clear sky,5.03
Laâyoune,2025-01-28 09:00:00,16.68,16.83,93,scattered clouds,6.62
Laâyoune,2025-01-28 12:00:00,23.34,23.06,51,scattered clouds,9.4
Laâyoune,2025-01-28 15:00:00,24.82,24.38,39,clear sky,10.37
Laâyoune,2025-01-28 18:00:00,20.4,20.19,65,clear sky,9.82
Laâyoune,2025-01-28 21:00:00,16.51,16.44,85,clear sky,7.36
Laâyoune,2025-01-29 00:00:00,15.58,15.31,81,clear sky,6.33
Laâyoune,2025-01-29 03:00:00,14.44,14.13,84,clear sky,4.34
Laâyoune,2025-01-29 06:00:00,13.94,13.77,91,clear sky,5.16
Laâyoune,2025-01-29 09:00:00,15.73,15.53,83,clear sky,6.35
Laâyoune,2025-01-29 12:00:00,21.76,21.24,48,clear sky,9.47
Laâyoune,2025-01-29 15:00:00,23.53,23.06,43,clear sky,10.26
Laâyoune,2025-01-29 18:00:00,19.2,18.82,63,clear sky,10.34
Laâyoune,2025-01-29 21:00:00,16.13,15.91,81,clear sky,9.29
Laâyoune,2025-01-30 00:00:00,15.26,14.98,82,clear sky,8.89
Laâyoune,2025-01-30 03:00:00,14.44,14.16,85,clear sky,8.13
Laâyoune,2025-01-30 06:00:00,14.17,13.91,87,clear sky,7.18
Laâyoune,2025-01-30 09:00:00,15.8,15.55,81,clear sky,7.37
Laâyoune,2025-01-30 12:00:00,21.28,20.69,47,clear sky,11.07
Laâyoune,2025-01-30 15:00:00,21.06,20.21,38,clear sky,12.36
Laâyoune,2025-01-30 18:00:00,17.58,16.78,53,clear sky,10.75
Laâyoune,2025-01-30 21:00:00,15.3,14.56,64,clear sky,9.93
Laâyoune,2025-01-31 00:00:00,14.87,14.21,69,clear sky,9.65
Laâyoune,2025-01-31 03:00:00,14.3,13.59,69,clear sky,9.49
Laâyoune,2025-01-31 06:00:00,14.07,13.33,69,clear sky,9.74
Laâyoune,2025-01-31 09:00:00,15.22,14.49,65,clear sky,9.22
Laâyoune,2025-01-31 12:00:00,19.67,18.84,44,clear sky,11.09
Laâyoune,2025-01-31 15:00:00,20.06,19.24,43,clear sky,12.08
Laâyoune,2025-01-31 18:00:00,17.35,16.6,56,clear sky,10.57
Laâyoune,2025-01-31 21:00:00,15.42,14.79,68,clear sky,7.89
Laâyoune,2025-02-01 00:00:00,15.12,14.49,69,scattered clouds,7.37
Laâyoune,2025-02-01 03:00:00,14.58,13.9,69,overcast clouds,6.82
Laâyoune,2025-02-01 06:00:00,14.1,13.37,69,broken clouds,7.05
Laâyoune,2025-02-01 09:00:00,15.2,14.34,60,clear sky,9.29
Laâyoune,2025-02-01 12:00:00,20.24,19.05,28,clear sky,10.13
Taza,2025-01-27 15:00:00,19.7,18.77,40,overcast clouds,9.76
Taza,2025-01-27 18:00:00,18.34,17.64,54,overcast clouds,8.9
Taza,2025-01-27 21:00:00,16.77,16.33,70,broken clouds,10.25
Taza,2025-01-28 00:00:00,14.59,14.4,88,light rain,7.93
Taza,2025-01-28 03:00:00,13.85,13.59,88,light rain,7.22
Taza,2025-01-28 06:00:00,12.29,11.87,88,light rain,7.68
Taza,2025-01-28 09:00:00,11.99,11.54,88,light rain,9.55
Taza,2025-01-28 12:00:00,13.87,13.3,76,broken clouds,13.69
Taza,2025-01-28 15:00:00,15.29,14.13,48,few clouds,12.94
Taza,2025-01-28 18:00:00,12.48,11.53,67,few clouds,8.59
Taza,2025-01-28 21:00:00,10.26,9.64,88,clear sky,5.11
Taza,2025-01-29 00:00:00,9.37,7.39,93,light rain,3.67
Taza,2025-01-29 03:00:00,8.41,5.87,95,clear sky,4.37
Taza,2025-01-29 06:00:00,8.22,6.26,87,few clouds,3.18
Taza,2025-01-29 09:00:00,10.54,9.56,73,overcast clouds,2.58
Taza,2025-01-29 12:00:00,15.83,14.51,40,broken clouds,6.36
Taza,2025-01-29 15:00:00,15.14,13.96,48,overcast clouds,9.26
Taza,2025-01-29 18:00:00,11.09,10.19,74,overcast clouds,8.83
Taza,2025-01-29 21:00:00,9.64,5.59,81,overcast clouds,10.69
Taza,2025-01-30 00:00:00,10.19,9.09,70,broken clouds,7.36
Taza,2025-01-30 03:00:00,8.35,3.76,84,moderate rain,11.2
Taza,2025-01-30 06:00:00,8.23,3.59,79,light rain,11.25
Taza,2025-01-30 09:00:00,8.01,3.35,83,light rain,11.03
Taza,2025-01-30 12:00:00,9.48,4.98,69,light rain,12.79
Taza,2025-01-30 15:00:00,10.23,8.9,61,light rain,16.38
Taza,2025-01-30 18:00:00,7.56,2.28,75,scattered clouds,13.32
Taza,2025-01-30 21:00:00,6.97,2.2,84,few clouds,10.0
Taza,2025-01-31 00:00:00,7.41,2.94,87,broken clouds,9.37
Taza,2025-01-31 03:00:00,7.68,3.47,81,light rain,8.66
Taza,2025-01-31 06:00:00,5.8,2.43,93,broken clouds,4.8
Taza,2025-01-31 09:00:00,7.25,4.67,86,scattered clouds,3.91
Taza,2025-01-31 12:00:00,8.96,6.33,70,light rain,4.89
Taza,2025-01-31 15:00:00,10.84,9.39,54,light rain,2.5
Taza,2025-01-31 18:00:00,8.42,7.6,73,light rain,1.73
Taza,2025-01-31 21:00:00,7.14,6.15,77,light rain,1.71
Taza,2025-02-01 00:00:00,6.37,6.37,77,few clouds,1.23
Taza,2025-02-01 03:00:00,6.37,4.9,70,broken clouds,2.07
Taza,2025-02-01 06:00:00,6.38,4.22,71,scattered clouds,2.92
Taza,2025-02-01 09:00:00,8.63,7.21,64,broken clouds,2.48
Taza,2025-02-01 12:00:00,12.23,10.79,49,scattered clouds,3.36
Essaouira,2025-01-27 15:00:00,20.73,20.76,73,broken clouds,2.56
Essaouira,2025-01-27 18:00:00,19.74,19.83,79,broken clouds,2.09
Essaouira,2025-01-27 21:00:00,18.63,18.72,83,broken clouds,3.39
Essaouira,2025-01-28 00:00:00,17.51,17.54,85,broken clouds,4.13
Essaouira,2025-01-28 03:00:00,17.1,17.11,86,overcast clouds,4.63
Essaouira,2025-01-28 06:00:00,16.52,16.6,91,broken clouds,6.7
Essaouira,2025-01-28 09:00:00,16.83,16.84,87,overcast clouds,7.41
Essaouira,2025-01-28 12:00:00,18.73,18.59,74,broken clouds,11.12
Essaouira,2025-01-28 15:00:00,18.58,18.24,67,clear sky,12.22
Essaouira,2025-01-28 18:00:00,17.29,16.8,66,clear sky,12.68
Essaouira,2025-01-28 21:00:00,16.21,15.58,65,clear sky,11.98
Essaouira,2025-01-29 00:00:00,15.89,15.13,61,clear sky,10.49
Essaouira,2025-01-29 03:00:00,14.46,13.66,65,clear sky,8.63
Essaouira,2025-01-29 06:00:00,14.67,13.79,61,clear sky,7.64
Essaouira,2025-01-29 09:00:00,15.42,14.64,62,clear sky,8.75
Essaouira,2025-01-29 12:00:00,17.18,16.6,63,clear sky,11.0
Essaouira,2025-01-29 15:00:00,16.69,16.35,74,clear sky,10.55
Essaouira,2025-01-29 18:00:00,15.86,15.43,74,few clouds,9.62
Essaouira,2025-01-29 21:00:00,14.55,14.1,78,overcast clouds,6.91
Essaouira,2025-01-30 00:00:00,13.98,13.52,80,scattered clouds,6.57
Essaouira,2025-01-30 03:00:00,14.15,13.63,77,clear sky,6.18
Essaouira,2025-01-30 06:00:00,14.39,13.92,78,scattered clouds,9.88
Essaouira,2025-01-30 09:00:00,15.09,14.4,67,clear sky,10.11
Essaouira,2025-01-30 12:00:00,16.94,16.1,54,clear sky,11.22
Essaouira,2025-01-30 15:00:00,16.82,16.15,61,clear sky,12.33
Essaouira,2025-01-30 18:00:00,15.79,15.15,66,few clouds,14.02
Essaouira,2025-01-30 21:00:00,14.85,13.93,59,clear sky,12.73
Essaouira,2025-01-31 00:00:00,14.66,13.59,54,clear sky,12.42
Essaouira,2025-01-31 03:00:00,13.78,12.73,58,clear sky,10.19
Essaouira,2025-01-31 06:00:00,12.93,11.98,65,few clouds,9.57
Essaouira,2025-01-31 09:00:00,14.13,13.14,59,overcast clouds,9.51
Essaouira,2025-01-31 12:00:00,16.63,15.71,52,broken clouds,10.77
Essaouira,2025-01-31 15:00:00,16.39,15.6,58,broken clouds,11.98
Essaouira,2025-01-31 18:00:00,15.4,14.75,67,broken clouds,14.08
Essaouira,2025-01-31 21:00:00,14.53,13.66,62,clear sky,13.91
Essaouira,2025-02-01 00:00:00,13.56,12.67,65,clear sky,13.75
Essaouira,2025-02-01 03:00:00,12.7,11.75,66,clear sky,11.55
Essaouira,2025-02-01 06:00:00,11.86,10.88,68,clear sky,9.6
Essaouira,2025-02-01 09:00:00,12.81,11.77,62,clear sky,9.23
Essaouira,2025-02-01 12:00:00,17.26,16.16,43,clear sky,8.58
Ifrane,2025-01-27 15:00:00,13.46,12.06,46,broken clouds,11.1
Ifrane,2025-01-27 18:00:00,11.96,10.73,58,broken clouds,6.83
Ifrane,2025-01-27 21:00:00,9.68,6.95,79,broken clouds,5.66
Ifrane,2025-01-28 00:00:00,7.78,4.0,98,light rain,7.28
Ifrane,2025-01-28 03:00:00,7.47,3.4,96,light rain,7.93
Ifrane,2025-01-28 06:00:00,6.84,2.97,99,light rain,6.73
Ifrane,2025-01-28 09:00:00,7.32,3.43,91,light rain,7.19
Ifrane,2025-01-28 12:00:00,9.15,5.27,71,light rain,9.21
Ifrane,2025-01-28 15:00:00,7.56,4.1,64,few clouds,6.13
Ifrane,2025-01-28 18:00:00,4.88,2.51,73,few clouds,2.81
Ifrane,2025-01-28 21:00:00,3.68,1.53,77,clear sky,2.29
Ifrane,2025-01-29 00:00:00,3.25,0.3,65,clear sky,3.14
Ifrane,2025-01-29 03:00:00,3.01,0.09,65,clear sky,3.03
Ifrane,2025-01-29 06:00:00,3.38,0.38,49,clear sky,3.24
Ifrane,2025-01-29 09:00:00,7.57,5.35,31,overcast clouds,3.4
Ifrane,2025-01-29 12:00:00,11.6,9.42,23,broken clouds,7.28
Ifrane,2025-01-29 15:00:00,10.14,8.25,40,broken clouds,8.07
Ifrane,2025-01-29 18:00:00,4.99,1.54,74,broken clouds,4.56
Ifrane,2025-01-29 21:00:00,3.85,-0.48,75,overcast clouds,5.81
Ifrane,2025-01-30 00:00:00,3.19,-2.47,72,light rain,8.89
Ifrane,2025-01-30 03:00:00,1.94,-4.55,97,snow,10.3
Ifrane,2025-01-30 06:00:00,0.43,-6.22,99,snow,9.27
Ifrane,2025-01-30 09:00:00,0.54,-5.52,100,snow,7.73
Ifrane,2025-01-30 12:00:00,0.0,-7.0,96,snow,10.57
Ifrane,2025-01-30 15:00:00,-0.12,-7.12,98,light snow,11.75
Ifrane,2025-01-30 18:00:00,-0.44,-7.44,98,light snow,10.24
Ifrane,2025-01-30 21:00:00,-0.24,-7.07,100,light snow,9.17
Ifrane,2025-01-31 00:00:00,-0.19,-7.13,100,light snow,9.52
Ifrane,2025-01-31 03:00:00,-0.13,-6.64,101,snow,8.37
Ifrane,2025-01-31 06:00:00,0.1,-5.95,100,snow,7.38
Ifrane,2025-01-31 09:00:00,-0.01,-5.81,98,light snow,6.74
Ifrane,2025-01-31 12:00:00,0.28,-4.61,96,light snow,5.08
Ifrane,2025-01-31 15:00:00,0.72,-3.01,93,snow,3.46
Ifrane,2025-01-31 18:00:00,-1.47,-3.55,88,light snow,1.57
Ifrane,2025-01-31 21:00:00,-4.31,-7.25,92,scattered clouds,1.85
Ifrane,2025-02-01 00:00:00,-4.58,-8.42,90,scattered clouds,2.48
Ifrane,2025-02-01 03:00:00,-4.82,-9.12,90,scattered clouds,2.84
Ifrane,2025-02-01 06:00:00,-4.68,-8.99,84,scattered clouds,2.87
Ifrane,2025-02-01 09:00:00,0.14,-2.29,74,clear sky,2.0
Ifrane,2025-02-01 12:00:00,3.44,3.44,77,clear sky,1.33
Taroudant,2025-01-27 15:00:00,27.9,26.59,16,clear sky,6.37
Taroudant,2025-01-27 18:00:00,25.11,24.25,22,clear sky,5.08
Taroudant,2025-01-27 21:00:00,18.74,17.82,44,broken clouds,1.9
Taroudant,2025-01-28 00:00:00,11.44,10.78,82,overcast clouds,0.48
Taroudant,2025-01-28 03:00:00,11.04,10.34,82,overcast clouds,0.4
Taroudant,2025-01-28 06:00:00,10.35,9.5,79,broken clouds,0.53
Taroudant,2025-01-28 09:00:00,16.08,15.15,54,clear sky,0.34
Taroudant,2025-01-28 12:00:00,21.48,20.6,35,scattered clouds,1.2
Taroudant,2025-01-28 15:00:00,25.38,24.6,24,scattered clouds,3.1
Taroudant,2025-01-28 18:00:00,19.72,19.0,48,few clouds,4.49
Taroudant,2025-01-28 21:00:00,13.96,13.42,77,clear sky,1.37
Taroudant,2025-01-29 00:00:00,15.56,14.56,53,clear sky,3.35
Taroudant,2025-01-29 03:00:00,14.3,13.01,47,few clouds,2.42
Taroudant,2025-01-29 06:00:00,13.18,11.65,42,few clouds,1.06
Taroudant,2025-01-29 09:00:00,19.75,18.3,20,clear sky,2.21
Taroudant,2025-01-29 12:00:00,25.27,24.27,16,clear sky,2.95
Taroudant,2025-01-29 15:00:00,26.48,26.48,24,clear sky,8.39
Taroudant,2025-01-29 18:00:00,18.89,18.04,46,clear sky,6.86
Taroudant,2025-01-29 21:00:00,12.76,12.28,84,clear sky,3.76
Taroudant,2025-01-30 00:00:00,9.95,9.61,97,clear sky,1.48
Taroudant,2025-01-30 03:00:00,8.95,8.37,97,clear sky,1.58
Taroudant,2025-01-30 06:00:00,7.43,7.43,102,clear sky,1.33
Taroudant,2025-01-30 09:00:00,11.84,11.27,84,clear sky,0.64
Taroudant,2025-01-30 12:00:00,17.88,16.85,43,clear sky,4.94
Taroudant,2025-01-30 15:00:00,22.63,21.47,20,clear sky,7.27
Taroudant,2025-01-30 18:00:00,17.82,16.21,21,clear sky,3.42
Taroudant,2025-01-30 21:00:00,12.63,10.65,27,scattered clouds,2.87
Taroudant,2025-01-31 00:00:00,9.86,9.05,32,few clouds,1.98
Taroudant,2025-01-31 03:00:00,8.34,7.39,39,clear sky,1.86
Taroudant,2025-01-31 06:00:00,6.76,6.76,41,clear sky,0.7
Taroudant,2025-01-31 09:00:00,12.36,10.36,27,clear sky,0.52
Taroudant,2025-01-31 12:00:00,17.43,15.8,22,clear sky,2.02
Taroudant,2025-01-31 15:00:00,19.85,18.36,18,overcast clouds,4.34
Taroudant,2025-01-31 18:00:00,15.77,14.24,32,broken clouds,4.62
Taroudant,2025-01-31 21:00:00,9.96,9.96,49,clear sky,0.42
Taroudant,2025-02-01 00:00:00,11.41,9.47,33,clear sky,5.27
Taroudant,2025-02-01 03:00:00,11.33,9.04,20,clear sky,5.22
Taroudant,2025-02-01 06:00:00,11.21,8.83,17,clear sky,5.31
Taroudant,2025-02-01 09:00:00,14.04,12.02,20,clear sky,4.09
Taroudant,2025-02-01 12:00:00,19.37,17.81,17,clear sky,0.34
Errachidia,2025-01-27 15:00:00,19.99,18.59,21,clear sky,1.99
Errachidia,2025-01-27 18:00:00,18.54,17.08,24,few clouds,0.71
Errachidia,2025-01-27 21:00:00,16.17,14.6,29,scattered clouds,1.0
Errachidia,2025-01-28 00:00:00,13.45,11.74,34,scattered clouds,1.52
Errachidia,2025-01-28 03:00:00,11.97,10.27,40,clear sky,1.56
Errachidia,2025-01-28 06:00:00,11.44,9.76,43,scattered clouds,1.66
Errachidia,2025-01-28 09:00:00,13.71,12.18,40,broken clouds,1.81
Errachidia,2025-01-28 12:00:00,17.72,16.25,27,overcast clouds,0.96
Errachidia,2025-01-28 15:00:00,19.94,18.51,20,few clouds,1.02
Errachidia,2025-01-28 18:00:00,16.48,14.86,26,clear sky,1.36
Errachidia,2025-01-28 21:00:00,13.97,12.28,33,clear sky,1.17
Errachidia,2025-01-29 00:00:00,12.16,10.42,38,clear sky,1.6
Errachidia,2025-01-29 03:00:00,10.74,8.99,43,clear sky,1.68
Errachidia,2025-01-29 06:00:00,8.75,8.75,47,clear sky,0.7
Errachidia,2025-01-29 09:00:00,11.34,9.5,37,clear sky,1.36
Errachidia,2025-01-29 12:00:00,14.46,12.74,30,few clouds,3.64
Errachidia,2025-01-29 15:00:00,16.87,15.21,23,clear sky,3.62
Errachidia,2025-01-29 18:00:00,15.3,13.62,28,broken clouds,1.97
Errachidia,2025-01-29 21:00:00,13.19,11.32,29,broken clouds,0.58
Errachidia,2025-01-30 00:00:00,12.67,10.54,21,scattered clouds,3.95
Errachidia,2025-01-30 03:00:00,10.62,8.42,26,clear sky,4.17
Errachidia,2025-01-30 06:00:00,9.48,6.77,38,clear sky,5.46
Errachidia,2025-01-30 09:00:00,9.73,6.88,43,clear sky,6.06
Errachidia,2025-01-30 12:00:00,12.0,10.09,32,scattered clouds,4.0
Errachidia,2025-01-30 15:00:00,12.36,10.38,28,broken clouds,6.05
Errachidia,2025-01-30 18:00:00,8.74,4.14,38,scattered clouds,11.96
Errachidia,2025-01-30 21:00:00,7.1,2.45,41,clear sky,9.66
Errachidia,2025-01-31 00:00:00,6.69,3.67,45,clear sky,4.52
Errachidia,2025-01-31 03:00:00,5.78,3.42,48,clear sky,3.03
Errachidia,2025-01-31 06:00:00,4.57,3.04,51,clear sky,1.84
Errachidia,2025-01-31 09:00:00,6.69,6.69,43,clear sky,0.57
Errachidia,2025-01-31 12:00:00,10.17,8.03,30,clear sky,1.35
Errachidia,2025-01-31 15:00:00,11.56,9.45,26,scattered clouds,1.61
Errachidia,2025-01-31 18:00:00,7.99,4.81,52,light rain,5.67
Errachidia,2025-01-31 21:00:00,7.56,3.73,50,overcast clouds,7.24
Errachidia,2025-02-01 00:00:00,5.88,2.99,57,broken clouds,3.91
Errachidia,2025-02-01 03:00:00,4.82,2.2,63,clear sky,3.13
Errachidia,2025-02-01 06:00:00,4.19,1.64,57,clear sky,2.86
Errachidia,2025-02-01 09:00:00,6.6,4.64,39,broken clouds,2.7
Errachidia,2025-02-01 12:00:00,11.15,9.08,29,scattered clouds,1.98
Ouarzazate,2025-01-27 15:00:00,19.13,17.52,16,clear sky,1.76
Ouarzazate,2025-01-27 18:00:00,19.22,17.67,18,clear sky,4.04
Ouarzazate,2025-01-27 21:00:00,16.64,15.09,28,broken clouds,3.05
Ouarzazate,2025-01-28 00:00:00,13.05,11.4,38,broken clouds,1.84
Ouarzazate,2025-01-28 03:00:00,11.48,9.75,41,few clouds,1.38
Ouarzazate,2025-01-28 06:00:00,10.57,8.73,40,broken clouds,1.37
Ouarzazate,2025-01-28 09:00:00,13.88,12.11,30,clear sky,1.21
Ouarzazate,2025-01-28 12:00:00,19.67,18.19,19,broken clouds,4.71
Ouarzazate,2025-01-28 15:00:00,21.17,19.66,12,scattered clouds,7.01
Ouarzazate,2025-01-28 18:00:00,16.73,15.32,33,few clouds,7.65
Ouarzazate,2025-01-28 21:00:00,13.29,11.98,50,clear sky,1.79
Ouarzazate,2025-01-29 00:00:00,11.43,10.04,54,clear sky,1.6
Ouarzazate,2025-01-29 03:00:00,10.56,8.85,45,clear sky,1.17
Ouarzazate,2025-01-29 06:00:00,9.72,9.72,38,clear sky,0.57
Ouarzazate,2025-01-29 09:00:00,13.38,11.53,29,clear sky,0.11
Ouarzazate,2025-01-29 12:00:00,17.65,16.07,23,clear sky,2.86
Ouarzazate,2025-01-29 15:00:00,20.37,18.85,15,clear sky,2.51
Ouarzazate,2025-01-29 18:00:00,17.51,15.84,20,few clouds,7.06
Ouarzazate,2025-01-29 21:00:00,13.3,11.57,34,broken clouds,4.88
Ouarzazate,2025-01-30 00:00:00,10.83,9.01,40,scattered clouds,3.18
Ouarzazate,2025-01-30 03:00:00,9.03,6.16,45,clear sky,5.56
Ouarzazate,2025-01-30 06:00:00,7.95,5.36,49,clear sky,4.26
Ouarzazate,2025-01-30 09:00:00,9.6,6.39,44,clear sky,7.14
Ouarzazate,2025-01-30 12:00:00,11.86,9.86,29,clear sky,11.13
Ouarzazate,2025-01-30 15:00:00,11.49,9.53,32,clear sky,12.65
Ouarzazate,2025-01-30 18:00:00,8.61,4.13,43,clear sky,11.1
Ouarzazate,2025-01-30 21:00:00,7.35,3.69,45,clear sky,6.54
Ouarzazate,2025-01-31 00:00:00,5.83,3.43,49,clear sky,3.11
Ouarzazate,2025-01-31 03:00:00,4.28,1.7,53,clear sky,2.92
Ouarzazate,2025-01-31 06:00:00,4.23,1.49,42,clear sky,3.12
Ouarzazate,2025-01-31 09:00:00,6.81,5.6,28,clear sky,1.87
Ouarzazate,2025-01-31 12:00:00,13.03,10.7,12,clear sky,2.59
Ouarzazate,2025-01-31 15:00:00,15.79,13.66,9,clear sky,5.89
Ouarzazate,2025-01-31 18:00:00,10.65,8.37,23,clear sky,7.39
Ouarzazate,2025-01-31 21:00:00,7.74,5.07,39,clear sky,4.32
Ouarzazate,2025-02-01 00:00:00,6.69,6.06,40,clear sky,1.35
Ouarzazate,2025-02-01 03:00:00,5.49,5.49,47,clear sky,1.1
Ouarzazate,2025-02-01 06:00:00,4.32,4.32,49,clear sky,0.72
Ouarzazate,2025-02-01 09:00:00,6.59,6.59,39,clear sky,1.07
Ouarzazate,2025-02-01 12:00:00,10.02,7.7,24,clear sky,0.48
Ksar El Kebir,2025-01-27 15:00:00,17.91,18.05,88,light rain,5.49
Ksar El Kebir,2025-01-27 18:00:00,17.49,17.62,89,light rain,5.43
Ksar El Kebir,2025-01-27 21:00:00,16.45,16.61,94,light rain,3.19
Ksar El Kebir,2025-01-28 00:00:00,14.49,14.34,90,light rain,2.35
Ksar El Kebir,2025-01-28 03:00:00,11.47,11.02,90,broken clouds,1.11
Ksar El Kebir,2025-01-28 06:00:00,10.36,9.75,88,scattered clouds,0.81
Ksar El Kebir,2025-01-28 09:00:00,13.33,12.81,80,clear sky,1.84
Ksar El Kebir,2025-01-28 12:00:00,17.81,17.13,57,clear sky,6.18
Ksar El Kebir,2025-01-28 15:00:00,15.72,15.31,75,light rain,4.91
Ksar El Kebir,2025-01-28 18:00:00,11.86,11.32,85,light rain,2.36
Ksar El Kebir,2025-01-28 21:00:00,9.93,9.93,89,clear sky,0.7
Ksar El Kebir,2025-01-29 00:00:00,9.24,9.24,88,clear sky,0.84
Ksar El Kebir,2025-01-29 03:00:00,8.16,8.16,89,scattered clouds,0.99
Ksar El Kebir,2025-01-29 06:00:00,7.92,6.94,90,broken clouds,1.82
Ksar El Kebir,2025-01-29 09:00:00,10.82,9.99,78,broken clouds,0.7
Ksar El Kebir,2025-01-29 12:00:00,15.35,14.51,60,overcast clouds,2.12
Ksar El Kebir,2025-01-29 15:00:00,15.71,14.9,60,overcast clouds,5.09
Ksar El Kebir,2025-01-29 18:00:00,13.84,13.19,73,overcast clouds,3.78
Ksar El Kebir,2025-01-29 21:00:00,12.95,12.65,90,light rain,5.38
Ksar El Kebir,2025-01-30 00:00:00,12.09,11.21,71,moderate rain,4.77
Ksar El Kebir,2025-01-30 03:00:00,10.62,9.88,82,light rain,4.92
Ksar El Kebir,2025-01-30 06:00:00,9.32,7.9,85,light rain,2.67
Ksar El Kebir,2025-01-30 09:00:00,11.86,11.03,74,light rain,6.88
Ksar El Kebir,2025-01-30 12:00:00,13.62,12.6,60,light rain,7.2
Ksar El Kebir,2025-01-30 15:00:00,13.48,12.4,58,light rain,7.33
Ksar El Kebir,2025-01-30 18:00:00,12.17,11.11,64,light rain,5.03
Ksar El Kebir,2025-01-30 21:00:00,10.81,9.85,73,light rain,2.79
Ksar El Kebir,2025-01-31 00:00:00,11.29,10.35,72,broken clouds,1.52
Ksar El Kebir,2025-01-31 03:00:00,10.82,9.92,75,overcast clouds,1.18
Ksar El Kebir,2025-01-31 06:00:00,7.82,7.82,87,broken clouds,0.82
Ksar El Kebir,2025-01-31 09:00:00,10.51,9.63,77,few clouds,0.29
Ksar El Kebir,2025-01-31 12:00:00,14.98,13.97,55,clear sky,3.94
Ksar El Kebir,2025-01-31 15:00:00,15.91,14.84,49,clear sky,2.12
Ksar El Kebir,2025-01-31 18:00:00,10.75,9.6,66,clear sky,2.35
Ksar El Kebir,2025-01-31 21:00:00,8.7,8.7,70,clear sky,0.96
Ksar El Kebir,2025-02-01 00:00:00,7.9,7.03,77,clear sky,1.71
Ksar El Kebir,2025-02-01 03:00:00,6.84,6.84,82,clear sky,1.03
Ksar El Kebir,2025-02-01 06:00:00,6.48,5.72,81,clear sky,1.43
Ksar El Kebir,2025-02-01 09:00:00,9.79,9.46,71,clear sky,1.45
Ksar El Kebir,2025-02-01 12:00:00,15.1,14.08,54,clear sky,2.47
Al Hoceima,2025-01-27 15:00:00,21.6,21.28,56,broken clouds,5.6
Al Hoceima,2025-01-27 18:00:00,20.47,20.22,63,scattered clouds,5.44
Al Hoceima,2025-01-27 21:00:00,18.56,18.43,75,few clouds,8.69
Al Hoceima,2025-01-28 00:00:00,16.38,16.16,80,scattered clouds,11.85
Al Hoceima,2025-01-28 03:00:00,15.61,15.29,79,overcast clouds,9.23
Al Hoceima,2025-01-28 06:00:00,15.25,14.87,78,overcast clouds,8.17
Al Hoceima,2025-01-28 09:00:00,15.55,15.14,76,clear sky,6.59
Al Hoceima,2025-01-28 12:00:00,16.7,15.97,59,clear sky,8.25
Al Hoceima,2025-01-28 15:00:00,15.33,14.93,77,light rain,12.84
Al Hoceima,2025-01-28 18:00:00,14.98,14.39,71,overcast clouds,9.28
Al Hoceima,2025-01-28 21:00:00,14.75,14.08,69,overcast clouds,10.25
Al Hoceima,2025-01-29 00:00:00,14.49,13.69,65,overcast clouds,6.86
Al Hoceima,2025-01-29 03:00:00,14.54,13.69,63,broken clouds,7.49
Al Hoceima,2025-01-29 06:00:00,13.7,12.88,67,broken clouds,3.44
Al Hoceima,2025-01-29 09:00:00,14.05,13.21,65,overcast clouds,1.9
Al Hoceima,2025-01-29 12:00:00,14.46,13.71,67,overcast clouds,3.44
Al Hoceima,2025-01-29 15:00:00,14.54,13.75,65,overcast clouds,4.29
Al Hoceima,2025-01-29 18:00:00,14.29,13.42,63,overcast clouds,1.03
Al Hoceima,2025-01-29 21:00:00,15.27,14.47,62,light rain,5.23
Al Hoceima,2025-01-30 00:00:00,13.58,13.13,82,moderate rain,13.66
Al Hoceima,2025-01-30 03:00:00,14.33,13.54,66,light rain,14.34
Al Hoceima,2025-01-30 06:00:00,13.23,12.44,70,light rain,14.47
Al Hoceima,2025-01-30 09:00:00,13.26,12.47,70,light rain,16.32
Al Hoceima,2025-01-30 12:00:00,13.54,12.65,65,light rain,16.52
Al Hoceima,2025-01-30 15:00:00,13.42,12.59,68,light rain,16.92
Al Hoceima,2025-01-30 18:00:00,13.22,12.37,68,light rain,15.41
Al Hoceima,2025-01-30 21:00:00,13.49,12.64,67,light rain,12.43
Al Hoceima,2025-01-31 00:00:00,13.15,12.27,67,light rain,11.72
Al Hoceima,2025-01-31 03:00:00,12.65,11.75,68,light rain,7.6
Al Hoceima,2025-01-31 06:00:00,11.96,11.12,73,light rain,6.4
Al Hoceima,2025-01-31 09:00:00,12.89,11.96,66,light rain,6.14
Al Hoceima,2025-01-31 12:00:00,13.37,12.33,60,light rain,3.67
Al Hoceima,2025-01-31 15:00:00,13.4,12.36,60,few clouds,2.57
Al Hoceima,2025-01-31 18:00:00,12.75,11.73,63,clear sky,0.91
Al Hoceima,2025-01-31 21:00:00,12.67,11.69,65,clear sky,2.09
Al Hoceima,2025-02-01 00:00:00,12.68,11.6,61,scattered clouds,2.42
Al Hoceima,2025-02-01 03:00:00,12.83,11.63,56,few clouds,2.81
Al Hoceima,2025-02-01 06:00:00,12.51,11.23,54,few clouds,1.97
Al Hoceima,2025-02-01 09:00:00,13.81,12.5,48,clear sky,2.14
Al Hoceima,2025-02-01 12:00:00,14.89,13.64,46,clear sky,2.27
Guelmim,2025-01-27 15:00:00,27.19,26.05,13,clear sky,4.17
Guelmim,2025-01-27 18:00:00,25.43,24.52,19,clear sky,3.98
Guelmim,2025-01-27 21:00:00,19.74,18.76,38,clear sky,1.4
Guelmim,2025-01-28 00:00:00,14.32,13.19,53,scattered clouds,1.3
Guelmim,2025-01-28 03:00:00,13.08,12.32,72,scattered clouds,1.42
Guelmim,2025-01-28 06:00:00,12.37,12.04,91,broken clouds,1.8
Guelmim,2025-01-28 09:00:00,14.84,14.76,91,scattered clouds,2.1
Guelmim,2025-01-28 12:00:00,21.57,21.04,48,broken clouds,4.98
Guelmim,2025-01-28 15:00:00,23.41,22.75,36,scattered clouds,7.88
Guelmim,2025-01-28 18:00:00,18.04,17.57,64,broken clouds,3.39
Guelmim,2025-01-28 21:00:00,13.81,13.65,92,clear sky,1.57
Guelmim,2025-01-29 00:00:00,12.32,12.11,96,clear sky,1.79
Guelmim,2025-01-29 03:00:00,11.28,10.97,96,broken clouds,0.6
Guelmim,2025-01-29 06:00:00,11.2,10.57,84,broken clouds,1.05
Guelmim,2025-01-29 09:00:00,17.36,16.35,46,clear sky,1.64
Guelmim,2025-01-29 12:00:00,23.73,22.68,20,clear sky,1.05
Guelmim,2025-01-29 15:00:00,26.3,26.3,19,clear sky,4.57
Guelmim,2025-01-29 18:00:00,19.02,18.39,54,clear sky,4.18
Guelmim,2025-01-29 21:00:00,13.27,12.85,84,clear sky,2.18
Guelmim,2025-01-30 00:00:00,11.33,10.97,94,clear sky,1.8
Guelmim,2025-01-30 03:00:00,10.74,10.35,95,broken clouds,2.21
Guelmim,2025-01-30 06:00:00,10.47,9.97,92,broken clouds,2.33
Guelmim,2025-01-30 09:00:00,14.36,13.71,71,clear sky,4.53
Guelmim,2025-01-30 12:00:00,18.21,17.24,44,clear sky,8.91
Guelmim,2025-01-30 15:00:00,17.84,16.7,39,clear sky,11.81
Guelmim,2025-01-30 18:00:00,13.81,12.92,64,broken clouds,9.35
Guelmim,2025-01-30 21:00:00,12.56,11.83,75,overcast clouds,9.07
Guelmim,2025-01-31 00:00:00,10.24,9.41,80,scattered clouds,1.74
Guelmim,2025-01-31 03:00:00,8.24,8.24,85,clear sky,1.08
Guelmim,2025-01-31 06:00:00,6.81,6.81,86,clear sky,0.18
Guelmim,2025-01-31 09:00:00,10.22,9.15,71,broken clouds,0.1
Guelmim,2025-01-31 12:00:00,15.83,14.54,41,broken clouds,1.36
Guelmim,2025-01-31 15:00:00,18.71,17.39,29,broken clouds,6.83
Guelmim,2025-01-31 18:00:00,13.74,12.81,63,scattered clouds,7.14
Guelmim,2025-01-31 21:00:00,11.6,10.9,80,clear sky,4.28
Guelmim,2025-02-01 00:00:00,10.35,9.63,84,clear sky,1.59
Guelmim,2025-02-01 03:00:00,9.24,7.64,85,clear sky,2.94
Guelmim,2025-02-01 06:00:00,11.37,9.48,35,clear sky,7.26
Guelmim,2025-02-01 09:00:00,14.07,12.29,29,clear sky,11.71
Guelmim,2025-02-01 12:00:00,18.57,17.03,21,clear sky,9.04
Settat,2025-01-27 15:00:00,21.04,20.64,55,overcast clouds,5.78
Settat,2025-01-27 18:00:00,19.21,18.91,66,overcast clouds,3.57
Settat,2025-01-27 21:00:00,16.12,15.95,83,broken clouds,1.24
Settat,2025-01-28 00:00:00,15.26,15.24,92,light rain,1.65
Settat,2025-01-28 03:00:00,12.55,12.45,99,light rain,1.96
Settat,2025-01-28 06:00:00,13.3,13.14,94,overcast clouds,2.53
Settat,2025-01-28 09:00:00,13.62,13.36,89,overcast clouds,2.28
Settat,2025-01-28 12:00:00,17.17,16.54,61,broken clouds,5.22
Settat,2025-01-28 15:00:00,18.39,17.17,34,clear sky,5.17
Settat,2025-01-28 18:00:00,12.41,11.25,59,clear sky,4.02
Settat,2025-01-28 21:00:00,8.97,6.66,86,clear sky,4.17
Settat,2025-01-29 00:00:00,8.47,6.68,88,clear sky,2.99
Settat,2025-01-29 03:00:00,7.96,6.15,85,clear sky,2.86
Settat,2025-01-29 06:00:00,6.92,5.55,82,clear sky,2.06
Settat,2025-01-29 09:00:00,10.75,9.55,64,scattered clouds,1.74
Settat,2025-01-29 12:00:00,15.69,14.72,54,scattered clouds,3.44
Settat,2025-01-29 15:00:00,17.13,16.15,48,broken clouds,5.03
Settat,2025-01-29 18:00:00,11.14,10.32,77,overcast clouds,3.16
Settat,2025-01-29 21:00:00,8.13,7.06,90,scattered clouds,1.95
Settat,2025-01-30 00:00:00,10.39,9.73,86,scattered clouds,2.87
Settat,2025-01-30 03:00:00,10.69,10.11,88,light rain,2.76
Settat,2025-01-30 06:00:00,8.08,6.21,83,light rain,2.99
Settat,2025-01-30 09:00:00,10.4,9.43,74,light rain,3.28
Settat,2025-01-30 12:00:00,12.52,11.66,70,light rain,7.6
Settat,2025-01-30 15:00:00,12.74,11.48,54,light rain,7.34
Settat,2025-01-30 18:00:00,9.97,7.75,66,broken clouds,4.49
Settat,2025-01-30 21:00:00,9.19,8.59,75,light rain,1.63
Settat,2025-01-31 00:00:00,8.81,8.04,77,light rain,1.74
Settat,2025-01-31 03:00:00,6.83,6.05,84,light rain,1.49
Settat,2025-01-31 06:00:00,7.79,7.79,81,broken clouds,1.16
Settat,2025-01-31 09:00:00,10.14,9.01,69,light rain,1.17
Settat,2025-01-31 12:00:00,11.97,10.66,55,overcast clouds,2.54
Settat,2025-01-31 15:00:00,12.67,11.35,52,overcast clouds,4.35
Settat,2025-01-31 18:00:00,11.02,9.72,59,overcast clouds,4.61
Settat,2025-01-31 21:00:00,6.23,3.78,88,clear sky,3.3
Settat,2025-02-01 00:00:00,5.77,3.48,88,clear sky,2.93
Settat,2025-02-01 03:00:00,5.25,2.89,85,clear sky,2.88
Settat,2025-02-01 06:00:00,5.05,2.84,79,clear sky,2.64
Settat,2025-02-01 09:00:00,9.21,7.93,60,clear sky,2.44
Settat,2025-02-01 12:00:00,15.36,13.81,33,clear sky,3.84
